index,u_grid,u_geom,t_progress,t_eval_used_for_tracks,x,y,width_eval,height_eval,theta_eval,theta_internal,theta_raw,tangent_angle,effective_theta,offset_eval,alpha_eval
0,0.000000,0.000000,0.000000,0.000000,135.300000,0.000000,195.000000,6.000000,1.570796,1.570796,1.570796,1.570796,3.141593,-2.700000,0.000000
1,0.003289,0.003289,0.003290,0.003290,135.471078,1.989849,195.000000,6.000000,1.570796,1.570796,1.570796,1.570796,3.141593,-2.528922,0.000000
2,0.006579,0.006579,0.006580,0.006580,135.642156,3.979697,195.000000,6.000000,1.570796,1.570796,1.570796,1.570796,3.141593,-2.357844,0.000000
3,0.009868,0.009868,0.009870,0.009870,135.813235,5.969546,195.000000,6.000000,1.570796,1.570796,1.570796,1.570796,3.141593,-2.186765,0.000000
4,0.013158,0.013158,0.013160,0.013160,135.984313,7.959395,180.301900,6.000000,1.570796,1.570796,1.570796,1.570796,3.141593,-2.015687,0.000000
5,0.016447,0.016447,0.016450,0.016450,136.155391,9.949243,166.355598,6.000000,1.570796,1.570796,1.570796,1.570796,3.141593,-1.844609,0.000000
6,0.019737,0.019737,0.019740,0.019740,136.326469,11.939092,153.716716,6.000000,1.570796,1.570796,1.570796,1.570796,3.141593,-1.673531,0.000000
7,0.023026,0.023026,0.023030,0.023030,136.497547,13.928940,142.308806,6.000000,1.570796,1.570796,1.570796,1.570796,3.141593,-1.502453,0.000000
8,0.026316,0.026316,0.026320,0.026320,136.668626,15.918789,132.056971,6.000000,1.570796,1.570796,1.570796,1.570796,3.141593,-1.331374,0.000000
9,0.029605,0.029605,0.029610,0.029610,136.839704,17.908638,122.887897,6.000000,1.570796,1.570796,1.570796,1.570796,3.141593,-1.160296,0.000000
10,0.032895,0.032895,0.032900,0.032900,137.010782,19.898486,114.729892,6.000000,1.570796,1.570796,1.570796,1.570796,3.141593,-0.989218,0.000000
11,0.036184,0.036184,0.036190,0.036190,137.181860,21.888335,107.512919,6.000000,1.570796,1.570796,1.570796,1.570796,3.141593,-0.818140,0.000000
12,0.039474,0.039474,0.039480,0.039480,137.352939,23.878184,101.168638,6.000000,1.570796,1.570796,1.570796,1.570796,3.141593,-0.647061,0.000000
13,0.042763,0.042763,0.042770,0.042770,137.524017,25.868032,95.630450,6.000000,1.570796,1.570796,1.570796,1.570796,3.141593,-0.475983,0.000000
14,0.046053,0.046053,0.046060,0.046060,137.695095,27.857881,90.833542,6.000000,1.570796,1.570796,1.570796,1.570796,3.141593,-0.304905,0.000000
15,0.049342,0.049342,0.049349,0.049349,137.866173,29.847729,86.714939,6.000000,1.570796,1.570796,1.570796,1.570796,3.141593,-0.133827,0.000000
16,0.052632,0.052632,0.052639,0.052639,138.037251,31.837578,83.213560,6.000000,1.570796,1.570796,1.570796,1.570796,3.141593,0.037251,0.000000
17,0.055921,0.055921,0.055929,0.055929,138.208330,33.827427,80.270275,6.000000,1.570796,1.570796,1.570796,1.570796,3.141593,0.208330,0.000000
18,0.059211,0.059211,0.059219,0.059219,138.379408,35.817275,77.827978,6.000000,1.570796,1.570796,1.570796,1.570796,3.141593,0.379408,0.000000
19,0.062500,0.062500,0.062509,0.062509,138.550486,37.807124,75.831655,6.000000,1.570796,1.570796,1.570796,1.570796,3.141593,0.550486,0.000000
20,0.065789,0.065789,0.065799,0.065799,138.721564,39.796973,74.228469,6.000000,1.570796,1.570796,1.570796,1.570796,3.141593,0.721564,0.000000
21,0.069079,0.069079,0.069089,0.069089,138.892642,41.786821,72.967859,6.000000,1.570796,1.570796,1.570796,1.570796,3.141593,0.892642,0.000000
22,0.072368,0.072368,0.072379,0.072379,139.063721,43.776670,72.001639,6.000000,1.570796,1.570796,1.570796,1.570796,3.141593,1.063721,0.000000
23,0.075658,0.075658,0.075669,0.075669,139.234799,45.766518,71.284127,6.000000,1.570796,1.570796,1.570796,1.570796,3.141593,1.234799,0.000000
24,0.078947,0.078947,0.078959,0.078959,139.405877,47.756367,70.772291,6.000000,1.570796,1.570796,1.570796,1.570796,3.141593,1.405877,0.000000
25,0.082237,0.082237,0.082249,0.082249,139.576955,49.746216,70.425921,6.000000,1.570796,1.570796,1.570796,1.570796,3.141593,1.576955,0.000000
26,0.085526,0.085526,0.085539,0.085539,139.748033,51.736064,70.207847,6.000000,1.570796,1.570796,1.570796,1.570796,3.141593,1.748033,0.000000
27,0.088816,0.088816,0.088829,0.088829,139.919112,53.725913,70.084212,6.000000,1.570796,1.570796,1.570796,1.570796,3.141593,1.919112,0.000000
28,0.092105,0.092105,0.092119,0.092119,140.090190,55.715762,70.024836,6.000000,1.570796,1.570796,1.570796,1.570796,3.141593,2.090190,0.000000
29,0.095395,0.095395,0.095409,0.095409,140.261268,57.705610,70.003747,6.000000,1.570796,1.570796,1.570796,1.570796,3.141593,2.261268,0.000000
30,0.098684,0.098684,0.098699,0.098699,140.432346,59.695459,70.000045,6.000000,1.570796,1.570796,1.570796,1.570796,3.141593,2.432346,0.000000
31,0.101974,0.101974,0.101989,0.101989,140.490055,61.685307,70.000000,6.000000,1.570796,1.570796,1.570796,1.570796,3.141593,2.490055,0.000000
32,0.105263,0.105263,0.105279,0.105279,140.473606,63.675156,70.000000,6.000000,1.570796,1.570796,1.570796,1.570796,3.141593,2.473606,0.000000
33,0.108553,0.108553,0.108569,0.108569,140.457156,65.665005,70.000000,6.000000,1.570796,1.570796,1.570796,1.570796,3.141593,2.457156,0.000000
34,0.111842,0.111842,0.111859,0.111859,140.440706,67.654853,70.000000,6.000000,1.570796,1.570796,1.570796,1.570796,3.141593,2.440706,0.000000
35,0.115132,0.115132,0.115149,0.115149,140.424256,69.644702,70.000000,6.000000,1.570796,1.570796,1.570796,1.570796,3.141593,2.424256,0.000000
36,0.118421,0.118421,0.118439,0.118439,140.407806,71.634551,70.000000,6.000000,1.570796,1.570796,1.570796,1.570796,3.141593,2.407806,0.000000
37,0.121711,0.121711,0.121729,0.121729,140.391356,73.624399,70.000000,6.000000,1.570796,1.570796,1.570796,1.570796,3.141593,2.391356,0.000000
38,0.125000,0.125000,0.125019,0.125019,140.374907,75.614248,70.000000,6.000000,1.570796,1.570796,1.570796,1.570796,3.141593,2.374907,0.000000
39,0.128289,0.128289,0.128309,0.128309,140.358457,77.604096,70.000000,6.000000,1.570796,1.570796,1.570796,1.570796,3.141593,2.358457,0.000000
40,0.131579,0.131579,0.131599,0.131599,140.342007,79.593945,70.000000,6.000000,1.570796,1.570796,1.570796,1.570796,3.141593,2.342007,0.000000
41,0.134868,0.134868,0.134889,0.134889,140.325557,81.583794,70.000000,6.000000,1.570796,1.570796,1.570796,1.570796,3.141593,2.325557,0.000000
42,0.138158,0.138158,0.138179,0.138179,140.309107,83.573642,70.000000,6.000000,1.570796,1.570796,1.570796,1.570796,3.141593,2.309107,0.000000
43,0.141447,0.141447,0.141469,0.141469,140.292657,85.563491,70.000000,6.000000,1.570796,1.570796,1.570796,1.570796,3.141593,2.292657,0.000000
44,0.144737,0.144737,0.144758,0.144758,140.276208,87.553340,70.000000,6.000000,1.570796,1.570796,1.570796,1.570796,3.141593,2.276208,0.000000
45,0.148026,0.148026,0.148048,0.148048,140.259758,89.543188,70.000000,6.000000,1.570796,1.570796,1.570796,1.570796,3.141593,2.259758,0.000000
46,0.151316,0.151316,0.151338,0.151338,140.243308,91.533037,70.000000,6.000000,1.570796,1.570796,1.570796,1.570796,3.141593,2.243308,0.000000
47,0.154605,0.154605,0.154628,0.154628,140.226858,93.522885,70.000000,6.000000,1.570796,1.570796,1.570796,1.570796,3.141593,2.226858,0.000000
48,0.157895,0.157895,0.157918,0.157918,140.210408,95.512734,70.000000,6.000000,1.570796,1.570796,1.570796,1.570796,3.141593,2.210408,0.000000
49,0.161184,0.161184,0.161208,0.161208,140.193958,97.502583,70.000000,6.000000,1.570796,1.570796,1.570796,1.570796,3.141593,2.193958,0.000000
50,0.164474,0.164474,0.164498,0.164498,140.177509,99.492431,70.000000,6.000000,1.570796,1.570796,1.570796,1.570796,3.141593,2.177509,0.000000
51,0.167763,0.167763,0.167788,0.167788,140.161059,101.482280,70.000000,6.000000,1.570796,1.570796,1.570796,1.570796,3.141593,2.161059,0.000000
52,0.171053,0.171053,0.171078,0.171078,140.144609,103.472129,70.000000,6.000000,1.570796,1.570796,1.570796,1.570796,3.141593,2.144609,0.000000
53,0.174342,0.174342,0.174368,0.174368,140.128159,105.461977,70.000000,6.000000,1.570796,1.570796,1.570796,1.570796,3.141593,2.128159,0.000000
54,0.177632,0.177632,0.177658,0.177658,140.111709,107.451826,70.000000,6.000000,1.570796,1.570796,1.570796,1.570796,3.141593,2.111709,0.000000
55,0.180921,0.180921,0.180948,0.180948,140.095259,109.441674,70.000000,6.000000,1.570796,1.570796,1.570796,1.570796,3.141593,2.095259,0.000000
56,0.184211,0.184211,0.184238,0.184238,140.078810,111.431523,70.000000,6.000000,1.570796,1.570796,1.570796,1.570796,3.141593,2.078810,0.000000
57,0.187500,0.187500,0.187528,0.187528,140.062360,113.421372,70.000000,6.000000,1.570796,1.570796,1.570796,1.570796,3.141593,2.062360,0.000000
58,0.190789,0.190789,0.190818,0.190818,140.045910,115.411220,70.000000,6.000000,1.570796,1.570796,1.570796,1.570796,3.141593,2.045910,0.000000
59,0.194079,0.194079,0.194108,0.194108,140.029460,117.401069,70.000000,6.000000,1.570796,1.570796,1.570796,1.570796,3.141593,2.029460,0.000000
60,0.197368,0.197368,0.197398,0.197398,140.013010,119.390918,70.000000,6.000000,1.570796,1.570796,1.570796,1.570796,3.141593,2.013010,0.000000
61,0.200658,0.200658,0.200688,0.200688,139.996560,121.380766,70.000000,6.000000,1.570796,1.570796,1.570796,1.570796,3.141593,1.996560,0.000000
62,0.203947,0.203947,0.203978,0.203978,139.980111,123.370615,70.000000,6.000000,1.570796,1.570796,1.570796,1.570796,3.141593,1.980111,0.000000
63,0.207237,0.207237,0.207268,0.207268,139.963661,125.360463,70.000000,6.000000,1.570796,1.570796,1.570796,1.570796,3.141593,1.963661,0.000000
64,0.210526,0.210526,0.210558,0.210558,139.947211,127.350312,70.000000,6.000000,1.570796,1.570796,1.570796,1.570796,3.141593,1.947211,0.000000
65,0.213816,0.213816,0.213848,0.213848,139.930761,129.340161,70.000000,6.000000,1.570796,1.570796,1.570796,1.570796,3.141593,1.930761,0.000000
66,0.217105,0.217105,0.217138,0.217138,139.914311,131.330009,70.000000,6.000000,1.570796,1.570796,1.570796,1.570796,3.141593,1.914311,0.000000
67,0.220395,0.220395,0.220428,0.220428,139.897862,133.319858,70.000000,6.000000,1.570796,1.570796,1.570796,1.570796,3.141593,1.897862,0.000000
68,0.223684,0.223684,0.223718,0.223718,139.881412,135.309707,70.000000,6.000000,1.570796,1.570796,1.570796,1.570796,3.141593,1.881412,0.000000
69,0.226974,0.226974,0.227008,0.227008,139.864962,137.299555,70.000000,6.000000,1.570796,1.570796,1.570796,1.570796,3.141593,1.864962,0.000000
70,0.230263,0.230263,0.230298,0.230298,139.848512,139.289404,70.000000,6.000000,1.570796,1.570796,1.570796,1.570796,3.141593,1.848512,0.000000
71,0.233553,0.233553,0.233588,0.233588,139.832062,141.279252,70.000000,6.000000,1.570796,1.570796,1.570796,1.570796,3.141593,1.832062,0.000000
72,0.236842,0.236842,0.236878,0.236878,139.815612,143.269101,70.000000,6.000000,1.570796,1.570796,1.570796,1.570796,3.141593,1.815612,0.000000
73,0.240132,0.240132,0.240167,0.240167,139.799163,145.258950,70.000000,6.000000,1.570796,1.570796,1.570796,1.570796,3.141593,1.799163,0.000000
74,0.243421,0.243421,0.243457,0.243457,139.782713,147.248798,70.000000,6.000000,1.570796,1.570796,1.570796,1.570796,3.141593,1.782713,0.000000
75,0.246711,0.246711,0.246747,0.246747,139.766263,149.238647,70.000000,6.000000,1.570796,1.570796,1.570796,1.570796,3.141593,1.766263,0.000000
76,0.250000,0.250000,0.250037,0.250037,139.749813,151.228496,70.000000,6.000000,1.570796,1.570796,1.570796,1.570796,3.141593,1.749813,0.000000
77,0.253289,0.253289,0.253327,0.253327,139.733363,153.218344,70.000000,6.000000,1.570796,1.570796,1.570796,1.570796,3.141593,1.733363,0.000000
78,0.256579,0.256579,0.256617,0.256617,139.716913,155.208193,70.000000,6.000000,1.570796,1.570796,1.570796,1.570796,3.141593,1.716913,0.000000
79,0.259868,0.259868,0.259907,0.259907,139.700464,157.198041,70.000000,6.000000,1.570796,1.570796,1.570796,1.570796,3.141593,1.700464,0.000000
80,0.263158,0.263158,0.263197,0.263197,139.684014,159.187890,70.000000,6.000000,1.570796,1.570796,1.570796,1.570796,3.141593,1.684014,0.000000
81,0.266447,0.266447,0.266487,0.266487,139.667564,161.177739,70.000000,6.000000,1.570796,1.570796,1.570796,1.570796,3.141593,1.667564,0.000000
82,0.269737,0.269737,0.269777,0.269777,139.651114,163.167587,70.000000,6.000000,1.570796,1.570796,1.570796,1.570796,3.141593,1.651114,0.000000
83,0.273026,0.273026,0.273067,0.273067,139.634664,165.157436,70.000000,6.000000,1.570796,1.570796,1.570796,1.570796,3.141593,1.634664,0.000000
84,0.276316,0.276316,0.276357,0.276357,139.618214,167.147285,70.000000,6.000000,1.570796,1.570796,1.570796,1.570796,3.141593,1.618214,0.000000
85,0.279605,0.279605,0.279647,0.279647,139.601765,169.137133,70.000000,6.000000,1.570796,1.570796,1.570796,1.570796,3.141593,1.601765,0.000000
86,0.282895,0.282895,0.282937,0.282937,139.585315,171.126982,70.000000,6.000000,1.570796,1.570796,1.570796,1.570796,3.141593,1.585315,0.000000
87,0.286184,0.286184,0.286227,0.286227,139.568865,173.116830,70.000000,6.000000,1.570796,1.570796,1.570796,1.570796,3.141593,1.568865,0.000000
88,0.289474,0.289474,0.289517,0.289517,139.552415,175.106679,70.000000,6.000000,1.570796,1.570796,1.570796,1.570796,3.141593,1.552415,0.000000
89,0.292763,0.292763,0.292807,0.292807,139.535965,177.096528,70.000000,6.000000,1.570796,1.570796,1.570796,1.570796,3.141593,1.535965,0.000000
90,0.296053,0.296053,0.296097,0.296097,139.519515,179.086376,70.000000,6.000000,1.570796,1.570796,1.570796,1.570796,3.141593,1.519515,0.000000
91,0.299342,0.299342,0.299387,0.299387,139.503066,181.076225,70.000000,6.000000,1.570796,1.570796,1.570796,1.570796,3.141593,1.503066,0.000000
92,0.302632,0.302632,0.302677,0.302677,139.486616,183.066074,70.000000,6.000000,1.570796,1.570796,1.570796,1.570796,3.141593,1.486616,0.000000
93,0.305921,0.305921,0.305967,0.305967,139.470166,185.055922,70.000000,6.000000,1.570796,1.570796,1.570796,1.570796,3.141593,1.470166,0.000000
94,0.309211,0.309211,0.309257,0.309257,139.453716,187.045771,70.000000,6.000000,1.570796,1.570796,1.570796,1.570796,3.141593,1.453716,0.000000
95,0.312500,0.312500,0.312547,0.312547,139.437266,189.035619,70.000000,6.000000,1.570796,1.570796,1.570796,1.570796,3.141593,1.437266,0.000000
96,0.315789,0.315789,0.315837,0.315837,139.420817,191.025468,70.000000,6.000000,1.570796,1.570796,1.570796,1.570796,3.141593,1.420817,0.000000
97,0.319079,0.319079,0.319127,0.319127,139.404367,193.015317,70.000000,6.000000,1.570796,1.570796,1.570796,1.570796,3.141593,1.404367,0.000000
98,0.322368,0.322368,0.322417,0.322417,139.387917,195.005165,70.000000,6.000000,1.570796,1.570796,1.570796,1.570796,3.141593,1.387917,0.000000
99,0.325658,0.325658,0.325707,0.325707,139.371467,196.995014,70.000000,6.000000,1.570796,1.570796,1.570796,1.570796,3.141593,1.371467,0.000000
100,0.328947,0.328947,0.328997,0.328997,139.355017,198.984863,70.000000,6.000000,1.570796,1.570796,1.570796,1.570796,3.141593,1.355017,0.000000
101,0.332237,0.332237,0.332287,0.332287,139.338567,200.974711,70.000000,6.000000,1.570796,1.570796,1.570796,1.570796,3.141593,1.338567,0.000000
102,0.335526,0.335526,0.335576,0.335576,139.322118,202.964560,70.000000,6.000000,1.570796,1.570796,1.570796,1.570796,3.141593,1.322118,0.000000
103,0.338816,0.338816,0.338866,0.338866,139.305668,204.954408,70.000000,6.000000,1.570796,1.570796,1.570796,1.570796,3.141593,1.305668,0.000000
104,0.342105,0.342105,0.342156,0.342156,139.289218,206.944257,70.000000,6.000000,1.570796,1.570796,1.570796,1.570796,3.141593,1.289218,0.000000
105,0.345395,0.345395,0.345446,0.345446,139.272768,208.934106,70.000000,6.000000,1.570796,1.570796,1.570796,1.570796,3.141593,1.272768,0.000000
106,0.348684,0.348684,0.348736,0.348736,139.256318,210.923954,70.000000,6.000000,1.570796,1.570796,1.570796,1.570796,3.141593,1.256318,0.000000
107,0.351974,0.351974,0.352026,0.352026,139.239868,212.913803,70.000000,6.000000,1.570796,1.570796,1.570796,1.570796,3.141593,1.239868,0.000000
108,0.355263,0.355263,0.355316,0.355316,139.223419,214.903652,70.000000,6.000000,1.570796,1.570796,1.570796,1.570796,3.141593,1.223419,0.000000
109,0.358553,0.358553,0.358606,0.358606,139.206969,216.893500,70.000000,6.000000,1.570796,1.570796,1.570796,1.570796,3.141593,1.206969,0.000000
110,0.361842,0.361842,0.361896,0.361896,139.190519,218.883349,70.000000,6.000000,1.570796,1.570796,1.570796,1.570796,3.141593,1.190519,0.000000
111,0.365132,0.365132,0.365186,0.365186,139.174069,220.873197,70.000000,6.000000,1.570796,1.570796,1.570796,1.570796,3.141593,1.174069,0.000000
112,0.368421,0.368421,0.368476,0.368476,139.157619,222.863046,70.000000,6.000000,1.570796,1.570796,1.570796,1.570796,3.141593,1.157619,0.000000
113,0.371711,0.371711,0.371766,0.371766,139.141169,224.852895,70.000000,6.000000,1.570796,1.570796,1.570796,1.570796,3.141593,1.141169,0.000000
114,0.375000,0.375000,0.375056,0.375056,139.124720,226.842743,70.000000,6.000000,1.570796,1.570796,1.570796,1.570796,3.141593,1.124720,0.000000
115,0.378289,0.378289,0.378346,0.378346,139.108270,228.832592,70.000000,6.000000,1.570796,1.570796,1.570796,1.570796,3.141593,1.108270,0.000000
116,0.381579,0.381579,0.381636,0.381636,139.091820,230.822441,70.000000,6.000000,1.570796,1.570796,1.570796,1.570796,3.141593,1.091820,0.000000
117,0.384868,0.384868,0.384926,0.384926,139.075370,232.812289,70.000000,6.000000,1.570796,1.570796,1.570796,1.570796,3.141593,1.075370,0.000000
118,0.388158,0.388158,0.388216,0.388216,139.058920,234.802138,70.000000,6.000000,1.570796,1.570796,1.570796,1.570796,3.141593,1.058920,0.000000
119,0.391447,0.391447,0.391506,0.391506,139.042470,236.791986,70.000000,6.000000,1.570796,1.570796,1.570796,1.570796,3.141593,1.042470,0.000000
120,0.394737,0.394737,0.394796,0.394796,139.026021,238.781835,70.000000,6.000000,1.570796,1.570796,1.570796,1.570796,3.141593,1.026021,0.000000
121,0.398026,0.398026,0.398086,0.398086,139.009571,240.771684,70.000000,6.000000,1.570796,1.570796,1.570796,1.570796,3.141593,1.009571,0.000000
122,0.401316,0.401316,0.401376,0.401376,138.993121,242.761532,70.000000,6.000000,1.570796,1.570796,1.570796,1.570796,3.141593,0.993121,0.000000
123,0.404605,0.404605,0.404666,0.404666,138.976671,244.751381,70.000000,6.000000,1.570796,1.570796,1.570796,1.570796,3.141593,0.976671,0.000000
124,0.407895,0.407895,0.407956,0.407956,138.960221,246.741230,70.000000,6.000000,1.570796,1.570796,1.570796,1.570796,3.141593,0.960221,0.000000
125,0.411184,0.411184,0.411246,0.411246,138.943772,248.731078,70.000000,6.000000,1.570796,1.570796,1.570796,1.570796,3.141593,0.943772,0.000000
126,0.414474,0.414474,0.414536,0.414536,138.927322,250.720927,70.000000,6.000000,1.570796,1.570796,1.570796,1.570796,3.141593,0.927322,0.000000
127,0.417763,0.417763,0.417826,0.417826,138.910872,252.710775,70.000000,6.000000,1.570796,1.570796,1.570796,1.570796,3.141593,0.910872,0.000000
128,0.421053,0.421053,0.421116,0.421116,138.894422,254.700624,70.000000,6.000000,1.570796,1.570796,1.570796,1.570796,3.141593,0.894422,0.000000
129,0.424342,0.424342,0.424406,0.424406,138.877972,256.690473,70.000000,6.000000,1.570796,1.570796,1.570796,1.570796,3.141593,0.877972,0.000000
130,0.427632,0.427632,0.427696,0.427696,138.861522,258.680321,70.000000,6.000000,1.570796,1.570796,1.570796,1.570796,3.141593,0.861522,0.000000
131,0.430921,0.430921,0.430985,0.430985,138.845073,260.670170,70.000000,6.000000,1.570796,1.570796,1.570796,1.570796,3.141593,0.845073,0.000000
132,0.434211,0.434211,0.434275,0.434275,138.828623,262.660019,70.000000,6.000000,1.570796,1.570796,1.570796,1.570796,3.141593,0.828623,0.000000
133,0.437500,0.437500,0.437565,0.437565,138.812173,264.649867,70.000000,6.000000,1.570796,1.570796,1.570796,1.570796,3.141593,0.812173,0.000000
134,0.440789,0.440789,0.440855,0.440855,138.795723,266.639716,70.000000,6.000000,1.570796,1.570796,1.570796,1.570796,3.141593,0.795723,0.000000
135,0.444079,0.444079,0.444145,0.444145,138.779273,268.629564,70.000000,6.000000,1.570796,1.570796,1.570796,1.570796,3.141593,0.779273,0.000000
136,0.447368,0.447368,0.447435,0.447435,138.762823,270.619413,70.000000,6.000000,1.570796,1.570796,1.570796,1.570796,3.141593,0.762823,0.000000
137,0.450658,0.450658,0.450725,0.450725,138.746374,272.609262,70.000000,6.000000,1.570796,1.570796,1.570796,1.570796,3.141593,0.746374,0.000000
138,0.453947,0.453947,0.454015,0.454015,138.729924,274.599110,70.000000,6.000000,1.570796,1.570796,1.570796,1.570796,3.141593,0.729924,0.000000
139,0.457237,0.457237,0.457305,0.457305,138.713474,276.588959,70.000000,6.000000,1.570796,1.570796,1.570796,1.570796,3.141593,0.713474,0.000000
140,0.460526,0.460526,0.460595,0.460595,138.697024,278.578808,70.000000,6.000000,1.570796,1.570796,1.570796,1.570796,3.141593,0.697024,0.000000
141,0.463816,0.463816,0.463885,0.463885,138.680574,280.568656,70.000000,6.000000,1.570796,1.570796,1.570796,1.570796,3.141593,0.680574,0.000000
142,0.467105,0.467105,0.467175,0.467175,138.664124,282.558505,70.000000,6.000000,1.570796,1.570796,1.570796,1.570796,3.141593,0.664124,0.000000
143,0.470395,0.470395,0.470465,0.470465,138.647675,284.548353,70.000000,6.000000,1.570796,1.570796,1.570796,1.570796,3.141593,0.647675,0.000000
144,0.473684,0.473684,0.473755,0.473755,138.631225,286.538202,70.000000,6.000000,1.570796,1.570796,1.570796,1.570796,3.141593,0.631225,0.000000
145,0.476974,0.476974,0.477045,0.477045,138.614775,288.528051,70.000000,6.000000,1.570796,1.570796,1.570796,1.570796,3.141593,0.614775,0.000000
146,0.480263,0.480263,0.480335,0.480335,138.598325,290.517899,70.000000,6.000000,1.570796,1.570796,1.570796,1.570796,3.141593,0.598325,0.000000
147,0.483553,0.483553,0.483625,0.483625,138.581875,292.507748,70.000000,6.000000,1.570796,1.570796,1.570796,1.570796,3.141593,0.581875,0.000000
148,0.486842,0.486842,0.486915,0.486915,138.565425,294.497597,70.000000,6.000000,1.570796,1.570796,1.570796,1.570796,3.141593,0.565425,0.000000
149,0.490132,0.490132,0.490205,0.490205,138.548976,296.487445,70.000000,6.000000,1.570796,1.570796,1.570796,1.570796,3.141593,0.548976,0.000000
150,0.493421,0.493421,0.493495,0.493495,138.532526,298.477294,70.000000,6.000000,1.570796,1.570796,1.570796,1.570796,3.141593,0.532526,0.000000
151,0.496711,0.496711,0.496785,0.496785,138.516076,300.467142,70.000000,6.000000,1.570796,1.570796,1.570796,1.570796,3.141593,0.516076,0.000000
152,0.500000,0.500000,0.500075,0.500075,138.499626,302.456991,70.000000,6.000000,1.570796,1.570796,1.570796,1.570796,3.141593,0.499626,0.000000
153,0.503125,0.503125,0.503200,0.503200,138.483999,304.347347,70.000000,6.000000,1.570796,1.570796,1.570796,1.570796,3.141593,0.483999,0.000000
154,0.506250,0.506250,0.506326,0.506326,138.468371,306.237703,70.000000,6.000000,1.570796,1.570796,1.570796,1.570796,3.141593,0.468371,0.000000
155,0.509375,0.509375,0.509451,0.509451,138.452744,308.128060,70.000000,6.000000,1.570796,1.570796,1.570796,1.570796,3.141593,0.452744,0.000000
156,0.512500,0.512500,0.512577,0.512577,138.437117,310.018416,70.000000,6.000000,1.570796,1.570796,1.570796,1.570796,3.141593,0.437117,0.000000
157,0.515625,0.515625,0.515702,0.515702,138.421489,311.908772,70.000000,6.000000,1.570796,1.570796,1.570796,1.570796,3.141593,0.421489,0.000000
158,0.518750,0.518750,0.518828,0.518828,138.405862,313.799128,70.000000,6.000000,1.570796,1.570796,1.570796,1.570796,3.141593,0.405862,0.000000
159,0.521875,0.521875,0.521953,0.521953,138.390235,315.689484,70.000000,6.000000,1.570796,1.570796,1.570796,1.570796,3.141593,0.390235,0.000000
160,0.525000,0.525000,0.525079,0.525079,138.374607,317.579841,70.000000,6.000000,1.570796,1.570796,1.570796,1.570796,3.141593,0.374607,0.000000
161,0.528125,0.528125,0.528204,0.528204,138.358980,319.470197,70.000000,6.000000,1.570796,1.570796,1.570796,1.570796,3.141593,0.358980,0.000000
162,0.531250,0.531250,0.531329,0.531329,138.343353,321.360553,70.000000,6.000000,1.570796,1.570796,1.570796,1.570796,3.141593,0.343353,0.000000
163,0.534375,0.534375,0.534455,0.534455,138.327725,323.250909,70.000000,6.000000,1.570796,1.570796,1.570796,1.570796,3.141593,0.327725,0.000000
164,0.537500,0.537500,0.537580,0.537580,138.312098,325.141265,70.000000,6.000000,1.570796,1.570796,1.570796,1.570796,3.141593,0.312098,0.000000
165,0.540625,0.540625,0.540706,0.540706,138.296471,327.031622,70.000000,6.000000,1.570796,1.570796,1.570796,1.570796,3.141593,0.296471,0.000000
166,0.543750,0.543750,0.543831,0.543831,138.280843,328.921978,70.000000,6.000000,1.570796,1.570796,1.570796,1.570796,3.141593,0.280843,0.000000
167,0.546875,0.546875,0.546957,0.546957,138.265216,330.812334,70.000000,6.000000,1.570796,1.570796,1.570796,1.570796,3.141593,0.265216,0.000000
168,0.550000,0.550000,0.550082,0.550082,138.249589,332.702690,69.967102,6.000000,1.570796,1.570796,1.570796,1.570796,3.141593,0.249589,0.000000
169,0.553125,0.553125,0.553208,0.553208,138.233961,334.593046,68.716915,6.000000,1.570796,1.570796,1.570796,1.570796,3.141593,0.233961,0.000000
170,0.556250,0.556250,0.556333,0.556333,138.218334,336.483402,67.466728,6.000000,1.570796,1.570796,1.570796,1.570796,3.141593,0.218334,0.000000
171,0.559375,0.559375,0.559459,0.559459,138.202707,338.373759,66.216541,6.000000,1.570796,1.570796,1.570796,1.570796,3.141593,0.202707,0.000000
172,0.562500,0.562500,0.562584,0.562584,138.187079,340.264115,64.966354,6.000000,1.570796,1.570796,1.570796,1.570796,3.141593,0.187079,0.000000
173,0.565789,0.565789,0.565874,0.565874,138.162526,342.254455,63.650492,6.000000,1.570796,1.570796,1.570796,1.574869,-3.137520,0.170631,0.000000
174,0.569079,0.569079,0.569163,0.569163,138.137975,344.244034,62.334629,6.000000,1.570796,1.570796,1.570796,1.574869,-3.137520,0.154183,0.000000
175,0.572368,0.572368,0.572453,0.572453,138.113423,346.233612,61.018766,6.000000,1.570796,1.570796,1.570796,1.574869,-3.137520,0.137735,0.000000
176,0.575658,0.575658,0.575743,0.575743,138.088871,348.223190,59.702904,6.000000,1.570796,1.570796,1.570796,1.574869,-3.137520,0.121286,0.000000
177,0.578947,0.578947,0.579032,0.579032,138.064320,350.212769,58.387041,6.000000,1.570796,1.570796,1.570796,1.574869,-3.137520,0.104838,0.000000
178,0.582237,0.582237,0.582322,0.582322,138.039768,352.202347,57.071178,6.000000,1.570796,1.570796,1.570796,1.574869,-3.137520,0.088390,0.000000
179,0.585526,0.585526,0.585612,0.585612,138.015216,354.191926,55.755315,6.000000,1.570796,1.570796,1.570796,1.574869,-3.137520,0.071941,0.000000
180,0.588816,0.588816,0.588901,0.588901,137.990665,356.181504,54.439453,6.000000,1.570796,1.570796,1.570796,1.574869,-3.137520,0.055493,0.000000
181,0.592105,0.592105,0.592191,0.592191,137.966113,358.171082,53.123590,6.000000,1.570796,1.570796,1.570796,1.574869,-3.137520,0.039045,0.000000
182,0.595395,0.595395,0.595481,0.595481,137.941561,360.160661,51.807727,6.000000,1.570796,1.570796,1.570796,1.574869,-3.137520,0.022597,0.000000
183,0.598684,0.598684,0.598770,0.598770,137.917010,362.150239,50.491864,6.000000,1.570796,1.570796,1.570796,1.574869,-3.137520,0.006148,0.000000
184,0.601974,0.601974,0.602060,0.602060,137.875292,364.139748,49.176002,6.000000,1.570796,1.570796,1.570796,1.574869,-3.137520,-0.027467,0.000000
185,0.605263,0.605263,0.605350,0.605350,137.823326,366.129214,47.860139,6.000000,1.570796,1.570796,1.570796,1.574869,-3.137520,-0.071329,0.000000
186,0.608553,0.608553,0.608639,0.608639,137.771361,368.118681,46.544276,6.000000,1.570796,1.570796,1.570796,1.574869,-3.137520,-0.115191,0.000000
187,0.611842,0.611842,0.611929,0.611929,137.719396,370.108148,45.228414,6.000000,1.570796,1.570796,1.570796,1.574869,-3.137520,-0.159053,0.000000
188,0.615132,0.615132,0.615219,0.615219,137.667431,372.097614,43.912551,6.000000,1.570796,1.570796,1.570796,1.574869,-3.137520,-0.202915,0.000000
189,0.618421,0.618421,0.618508,0.618508,137.615466,374.087081,42.596688,6.000000,1.570796,1.570796,1.570796,1.574869,-3.137520,-0.246777,0.000000
190,0.621711,0.621711,0.621798,0.621798,137.563500,376.076548,41.280825,6.000000,1.570796,1.570796,1.570796,1.574869,-3.137520,-0.290639,0.000000
191,0.625000,0.625000,0.625088,0.625088,137.511953,378.050608,39.964963,6.000000,1.570796,1.570796,1.570796,1.620949,-3.091440,-0.334501,0.000000
192,0.627604,0.627604,0.627692,0.627692,137.398297,379.622183,38.923140,6.000000,1.570796,1.570796,1.570796,1.620949,-3.091440,-0.369229,0.000000
193,0.630208,0.630208,0.630297,0.630297,137.284641,381.193758,37.881318,6.000000,1.570796,1.570796,1.570796,1.620949,-3.091440,-0.403956,0.000000
194,0.632812,0.632812,0.632901,0.632901,137.170985,382.765333,36.839495,6.000000,1.570796,1.570796,1.570796,1.620949,-3.091440,-0.438683,0.000000
195,0.634766,0.634766,0.634855,0.634855,137.085743,383.944015,36.058129,6.000000,1.570796,1.570796,1.570796,1.620949,-3.091440,-0.464729,0.000000
196,0.636719,0.636719,0.636808,0.636808,137.000501,385.122696,35.276762,6.000000,1.570796,1.570796,1.570796,1.620949,-3.091440,-0.490775,0.000000
197,0.638672,0.638672,0.638761,0.638761,136.911669,386.245588,34.495700,6.000000,1.570796,1.570796,1.570796,1.727654,-2.984735,-0.516810,0.000000
198,0.640625,0.640625,0.640714,0.640714,136.701380,387.408487,33.714333,6.000000,1.570796,1.570796,1.570796,1.727654,-2.984735,-0.542856,0.000000
199,0.643229,0.643229,0.643319,0.643319,136.420994,388.959019,32.672511,6.000000,1.570796,1.570796,1.570796,1.727654,-2.984735,-0.577583,0.000000
200,0.645833,0.645833,0.645923,0.645923,136.140608,390.509551,31.630688,6.000000,1.570796,1.570796,1.570796,1.727654,-2.984735,-0.612310,0.000000
201,0.648438,0.648438,0.648528,0.648528,135.860223,392.060083,30.588866,6.000000,1.570796,1.570796,1.570796,1.727654,-2.984735,-0.647038,0.000000
202,0.650391,0.650391,0.650481,0.650481,135.649933,393.222982,29.807499,6.000000,1.570796,1.570796,1.570796,1.727654,-2.984735,-0.673083,0.000000
203,0.652344,0.652344,0.652435,0.652435,135.439644,394.385881,29.026132,6.000000,1.570796,1.570796,1.570796,1.727654,-2.984735,-0.699129,0.000000
204,0.654297,0.654297,0.654388,0.654388,135.229355,395.548780,28.244766,6.000000,1.570796,1.570796,1.570796,1.727654,-2.984735,-0.725174,0.000000
205,0.656250,0.656250,0.656339,0.656339,135.004666,396.621585,27.464333,6.000000,1.570796,1.570796,1.570796,1.840865,-2.871524,-0.751189,0.000000
206,0.658854,0.658854,0.658944,0.658944,134.550912,398.130516,26.422510,6.000000,1.570796,1.570796,1.570796,1.840865,-2.871524,-0.785916,0.000000
207,0.661458,0.661458,0.661548,0.661548,134.097159,399.639447,25.380688,6.000000,1.570796,1.570796,1.570796,1.840865,-2.871524,-0.820644,0.000000
208,0.664062,0.664062,0.664153,0.664153,133.643405,401.148379,24.338865,6.000000,1.570796,1.570796,1.570796,1.840865,-2.871524,-0.855371,0.000000
209,0.666016,0.666016,0.666106,0.666106,133.303090,402.280077,23.557499,6.000000,1.570796,1.570796,1.570796,1.840865,-2.871524,-0.881417,0.000000
210,0.667969,0.667969,0.668060,0.668060,132.962774,403.411776,22.776132,6.000000,1.570796,1.570796,1.570796,1.840865,-2.871524,-0.907462,0.000000
211,0.669922,0.669922,0.670013,0.670013,132.622459,404.543474,21.994765,6.000000,1.570796,1.570796,1.570796,1.840865,-2.871524,-0.933508,0.000000
212,0.671875,0.671875,0.671966,0.671966,132.317943,405.568023,21.213427,6.000000,1.570796,1.570796,1.570796,1.958664,-2.753725,-0.959552,0.000000
213,0.674479,0.674479,0.674571,0.674571,131.689994,407.013169,20.171604,6.000000,1.570796,1.570796,1.570796,1.958664,-2.753725,-0.994280,0.000000
214,0.677083,0.677083,0.677176,0.677176,131.062045,408.458315,19.129782,6.000000,1.570796,1.570796,1.570796,1.958664,-2.753725,-1.029007,0.000000
215,0.679688,0.679688,0.679780,0.679780,130.434097,409.903461,18.087959,6.000000,1.570796,1.570796,1.570796,1.958664,-2.753725,-1.063735,0.000000
216,0.681641,0.681641,0.681734,0.681734,129.963135,410.987320,17.306593,6.000000,1.570796,1.570796,1.570796,1.958664,-2.753725,-1.089780,0.000000
217,0.683594,0.683594,0.683687,0.683687,129.492173,412.071179,16.525226,6.000000,1.570796,1.570796,1.570796,1.958664,-2.753725,-1.115826,0.000000
218,0.685547,0.685547,0.685640,0.685640,129.021212,413.155039,15.743859,6.000000,1.570796,1.570796,1.570796,1.958664,-2.753725,-1.141871,0.000000
219,0.687500,0.687500,0.687591,0.687591,128.580939,414.098285,14.963502,6.000000,1.570796,1.570796,1.570796,2.078639,-2.633750,-1.167883,0.000000
220,0.690104,0.690104,0.690196,0.690196,127.784538,415.457885,13.921680,6.000000,1.570796,1.570796,1.570796,2.078639,-2.633750,-1.202611,0.000000
221,0.692708,0.692708,0.692800,0.692800,126.988138,416.817485,12.879857,6.000000,1.570796,1.570796,1.570796,2.078639,-2.633750,-1.237338,0.000000
222,0.695312,0.695312,0.695405,0.695405,126.191737,418.177085,11.838035,6.000000,1.570796,1.570796,1.570796,2.078639,-2.633750,-1.272066,0.000000
223,0.697266,0.697266,0.697358,0.697358,125.594436,419.196785,11.056668,6.000000,1.570796,1.570796,1.570796,2.078639,-2.633750,-1.298111,0.000000
224,0.699219,0.699219,0.699312,0.699312,124.997136,420.216485,10.275301,6.000000,1.570796,1.570796,1.570796,2.078639,-2.633750,-1.324157,0.000000
225,0.701172,0.701172,0.701265,0.701265,124.399835,421.236185,10.000000,6.000000,1.570796,1.570796,1.570796,2.078639,-2.633750,-1.350202,0.000000
226,0.703125,0.703125,0.703217,0.703217,123.791435,422.053766,10.000000,6.000000,1.570796,1.570796,1.570796,2.198206,-2.514183,-1.376222,0.000000
227,0.705729,0.705729,0.705821,0.705821,122.838543,423.308662,10.000000,6.000000,1.570796,1.570796,1.570796,2.198206,-2.514183,-1.410950,0.000000
228,0.708333,0.708333,0.708426,0.708426,121.885652,424.563557,10.000000,6.000000,1.570796,1.570796,1.570796,2.198206,-2.514183,-1.445677,0.000000
229,0.710938,0.710938,0.711030,0.711030,120.932760,425.818453,10.000000,6.000000,1.570796,1.570796,1.570796,2.198206,-2.514183,-1.480405,0.000000
230,0.712891,0.712891,0.712984,0.712984,120.218091,426.759625,10.000000,6.000000,1.570796,1.570796,1.570796,2.198206,-2.514183,-1.506450,0.000000
231,0.714844,0.714844,0.714937,0.714937,119.503423,427.700797,10.000000,6.000000,1.570796,1.570796,1.570796,2.198206,-2.514183,-1.532496,0.000000
232,0.716797,0.716797,0.716888,0.716888,118.826890,428.438113,10.000000,6.000000,1.570796,1.570796,1.570796,2.314997,-2.397392,-1.558506,0.000000
233,0.718750,0.718750,0.718841,0.718841,118.007419,429.289596,10.000000,6.000000,1.570796,1.570796,1.570796,2.314997,-2.397392,-1.584551,0.000000
234,0.721354,0.721354,0.721446,0.721446,116.914792,430.424907,10.000000,6.000000,1.570796,1.570796,1.570796,2.314997,-2.397392,-1.619279,0.000000
235,0.723958,0.723958,0.724050,0.724050,115.822164,431.560218,10.000000,6.000000,1.570796,1.570796,1.570796,2.314997,-2.397392,-1.654006,0.000000
236,0.726562,0.726562,0.726655,0.726655,114.729537,432.695529,10.000000,6.000000,1.570796,1.570796,1.570796,2.314997,-2.397392,-1.688733,0.000000
237,0.728516,0.728516,0.728608,0.728608,113.910066,433.547012,10.000000,6.000000,1.570796,1.570796,1.570796,2.314997,-2.397392,-1.714779,0.000000
238,0.730469,0.730469,0.730560,0.730560,113.154749,434.184340,10.000000,6.000000,1.570796,1.570796,1.570796,2.427183,-2.285206,-1.740801,0.000000
239,0.732422,0.732422,0.732513,0.732513,112.245105,434.938731,10.000000,6.000000,1.570796,1.570796,1.570796,2.427183,-2.285206,-1.766846,0.000000
240,0.734375,0.734375,0.734467,0.734467,111.335462,435.693121,10.000000,6.000000,1.570796,1.570796,1.570796,2.427183,-2.285206,-1.792892,0.000000
241,0.736328,0.736328,0.736420,0.736420,110.425818,436.447512,10.000000,6.000000,1.570796,1.570796,1.570796,2.427183,-2.285206,-1.818937,0.000000
242,0.738281,0.738281,0.738374,0.738374,109.516175,437.201902,10.000000,6.000000,1.570796,1.570796,1.570796,2.427183,-2.285206,-1.844983,0.000000
243,0.740234,0.740234,0.740327,0.740327,108.606532,437.956293,10.000000,6.000000,1.570796,1.570796,1.570796,2.427183,-2.285206,-1.871028,0.000000
244,0.742188,0.742188,0.742280,0.742280,107.849678,438.578295,10.000000,6.000000,1.570796,1.570796,1.570796,2.533652,-2.178737,-1.897063,0.000000
245,0.744792,0.744792,0.744884,0.744884,106.536798,439.449565,10.000000,6.000000,1.570796,1.570796,1.570796,2.533652,-2.178737,-1.931790,0.000000
246,0.747396,0.747396,0.747489,0.747489,105.223917,440.320835,10.000000,6.000000,1.570796,1.570796,1.570796,2.533652,-2.178737,-1.966517,0.000000
247,0.750000,0.750000,0.750093,0.750093,103.911037,441.192104,10.000000,6.000000,1.570796,1.570796,1.570796,2.533652,-2.178737,-2.001245,0.000000
248,0.751953,0.751953,0.752047,0.752047,102.926376,441.845556,10.000000,6.000000,1.570796,1.570796,1.570796,2.533652,-2.178737,-2.027290,0.000000
249,0.753906,0.753906,0.754000,0.754000,101.941716,442.499009,10.000000,6.000000,1.570796,1.570796,1.570796,2.533652,-2.178737,-2.053336,0.000000
250,0.755859,0.755859,0.755951,0.755951,101.104337,442.994383,10.000000,6.000000,1.570796,1.570796,1.570796,2.634027,-2.078362,-2.079349,0.000000
251,0.757812,0.757812,0.757905,0.757905,100.059153,443.545877,10.000000,6.000000,1.570796,1.570796,1.570796,2.634027,-2.078362,-2.105394,0.000000
252,0.760417,0.760417,0.760509,0.760509,98.665574,444.281203,10.000000,6.000000,1.570796,1.570796,1.570796,2.634027,-2.078362,-2.140122,0.000000
253,0.763021,0.763021,0.763114,0.763114,97.271995,445.016528,10.000000,6.000000,1.570796,1.570796,1.570796,2.634027,-2.078362,-2.174849,0.000000
254,0.765625,0.765625,0.765718,0.765718,95.878416,445.751853,10.000000,6.000000,1.570796,1.570796,1.570796,2.634027,-2.078362,-2.209577,0.000000
255,0.767578,0.767578,0.767672,0.767672,94.833231,446.303347,10.000000,6.000000,1.570796,1.570796,1.570796,2.634027,-2.078362,-2.235622,0.000000
256,0.769531,0.769531,0.769625,0.769625,94.004545,446.577307,10.000000,6.000000,1.570796,1.570796,1.570796,2.772883,-1.939506,-2.261661,0.000000
257,0.771484,0.771484,0.771578,0.771578,92.893089,446.978829,10.000000,6.000000,1.570796,1.570796,1.570796,2.772883,-1.939506,-2.287707,0.000000
258,0.773438,0.773438,0.773531,0.773531,91.781632,447.380351,10.000000,6.000000,1.570796,1.570796,1.570796,2.772883,-1.939506,-2.313752,0.000000
259,0.776042,0.776042,0.776136,0.776136,90.299689,447.915713,10.000000,6.000000,1.570796,1.570796,1.570796,2.772883,-1.939506,-2.348480,0.000000
260,0.778646,0.778646,0.778741,0.778741,88.817747,448.451075,10.000000,6.000000,1.570796,1.570796,1.570796,2.772883,-1.939506,-2.383207,0.000000
261,0.781250,0.781250,0.781345,0.781345,87.335804,448.986437,10.000000,6.000000,1.570796,1.570796,1.570796,2.772883,-1.939506,-2.417934,0.000000
262,0.783854,0.783854,0.783950,0.783950,85.853862,449.521799,10.000000,6.000000,1.570796,1.570796,1.570796,2.772883,-1.939506,-2.452662,0.000000
263,0.786458,0.786458,0.786554,0.786554,84.371919,450.057161,10.000000,6.000000,1.570796,1.570796,1.570796,2.772883,-1.939506,-2.487389,0.000000
264,0.789062,0.789062,0.789159,0.789159,82.889977,450.592524,10.000000,6.000000,1.570796,1.570796,1.570796,2.772883,-1.939506,-2.522117,0.000000
265,0.791016,0.791016,0.791112,0.791112,81.778520,450.994045,10.000000,6.000000,1.570796,1.570796,1.570796,2.772883,-1.939506,-2.548162,0.000000
266,0.792969,0.792969,0.793059,0.793059,81.073060,451.210926,10.000000,6.000000,1.570796,1.570796,1.570796,2.944566,-1.767823,-2.574125,0.000000
267,0.794922,0.794922,0.795013,0.795013,79.909347,451.416664,10.000000,6.000000,1.570796,1.570796,1.570796,2.944566,-1.767823,-2.600170,0.000000
268,0.796875,0.796875,0.796966,0.796966,78.745633,451.622401,10.000000,6.000000,1.570796,1.570796,1.570796,2.944566,-1.767823,-2.626216,0.000000
269,0.800000,0.800000,0.800092,0.800092,76.883692,451.951580,10.000000,6.000000,1.570796,1.570796,1.570796,2.944566,-1.767823,-2.667889,0.000000
270,0.803125,0.803125,0.803217,0.803217,75.021752,452.280759,10.000000,6.000000,1.570796,1.570796,1.570796,2.944566,-1.767823,-2.709562,0.000000
271,0.806250,0.806250,0.806343,0.806343,73.159811,452.609939,10.000000,6.000000,1.570796,1.570796,1.570796,2.944566,-1.767823,-2.751235,0.000000
272,0.809375,0.809375,0.809468,0.809468,71.297870,452.939118,10.000000,6.000000,1.570796,1.570796,1.570796,2.944566,-1.767823,-2.792908,0.000000
273,0.812500,0.812500,0.812594,0.812594,69.435929,453.268297,10.000000,6.000000,1.570796,1.570796,1.570796,2.944566,-1.767823,-2.834580,0.000000
274,0.814453,0.814453,0.814547,0.814547,68.272216,453.474034,10.000000,6.000000,1.570796,1.570796,1.570796,2.944566,-1.767823,-2.860626,0.000000
275,0.816406,0.816406,0.816496,0.816496,67.578343,453.581823,10.000000,6.000000,1.570796,1.570796,1.570796,3.110325,-1.602064,-2.886609,0.000000
276,0.818359,0.818359,0.818449,0.818449,66.396633,453.592726,10.000000,6.000000,1.570796,1.570796,1.570796,3.110325,-1.602064,-2.912655,0.000000
277,0.820312,0.820312,0.820403,0.820403,65.214924,453.603630,10.000000,6.000000,1.570796,1.570796,1.570796,3.110325,-1.602064,-2.938701,0.000000
278,0.822917,0.822917,0.823007,0.823007,63.639312,453.618167,10.000000,6.000000,1.570796,1.570796,1.570796,3.110325,-1.602064,-2.973428,0.000000
279,0.825521,0.825521,0.825612,0.825612,62.063699,453.632705,10.000000,6.000000,1.570796,1.570796,1.570796,3.110325,-1.602064,-3.008155,0.000000
280,0.828125,0.828125,0.828216,0.828216,60.488087,453.647243,10.000000,6.000000,1.570796,1.570796,1.570796,3.110325,-1.602064,-3.042883,0.000000
281,0.830729,0.830729,0.830821,0.830821,58.912474,453.661781,10.000000,6.000000,1.570796,1.570796,1.570796,3.110325,-1.602064,-3.077610,0.000000
282,0.833333,0.833333,0.833425,0.833425,57.336862,453.676318,10.000000,6.000000,1.570796,1.570796,1.570796,3.110325,-1.602064,-3.112338,0.000000
283,0.835938,0.835938,0.836030,0.836030,55.761249,453.690856,10.000000,6.000000,1.570796,1.570796,1.570796,3.110325,-1.602064,-3.147065,0.000000
284,0.837891,0.837891,0.837983,0.837983,54.579540,453.701760,10.000000,6.000000,1.570796,1.570796,1.570796,3.110325,-1.602064,-3.173111,0.000000
285,0.839844,0.839844,0.839935,0.839935,53.977505,453.545292,10.000000,6.000000,1.570796,1.570796,1.570796,-2.994753,-1.423956,-3.199138,0.000000
286,0.841797,0.841797,0.841889,0.841889,52.812558,453.346662,10.000000,6.000000,1.570796,1.570796,1.570796,-2.994753,-1.423956,-3.225184,0.000000
287,0.843750,0.843750,0.843842,0.843842,51.647610,453.148032,10.000000,6.000000,1.570796,1.570796,1.570796,-2.994753,-1.423956,-3.251229,0.000000
288,0.846354,0.846354,0.846447,0.846447,50.094347,452.883192,10.000000,6.000000,1.570796,1.570796,1.570796,-2.994753,-1.423956,-3.285957,0.000000
289,0.848958,0.848958,0.849051,0.849051,48.541084,452.618352,10.000000,6.000000,1.570796,1.570796,1.570796,-2.994753,-1.423956,-3.320684,0.000000
290,0.851562,0.851562,0.851656,0.851656,46.987821,452.353512,10.000000,6.000000,1.570796,1.570796,1.570796,-2.994753,-1.423956,-3.355412,0.000000
291,0.853516,0.853516,0.853609,0.853609,45.822874,452.154882,10.000000,6.000000,1.570796,1.570796,1.570796,-2.994753,-1.423956,-3.381457,0.000000
292,0.855469,0.855469,0.855563,0.855563,44.657927,451.956252,10.000000,6.000000,1.570796,1.570796,1.570796,-2.994753,-1.423956,-3.407503,0.000000
293,0.857422,0.857422,0.857516,0.857516,43.492980,451.757622,10.000000,6.000000,1.570796,1.570796,1.570796,-2.994753,-1.423956,-3.433548,0.000000
294,0.859375,0.859375,0.859463,0.859463,43.120879,451.546417,10.000000,6.000000,1.570796,1.570796,1.570796,-2.773602,-1.202806,-3.459501,0.000000
295,0.861979,0.861979,0.862067,0.862067,41.663537,450.947316,10.000000,6.000000,1.570796,1.570796,1.570796,-2.773602,-1.202806,-3.494228,0.000000
296,0.864583,0.864583,0.864672,0.864672,40.206196,450.348215,10.000000,6.000000,1.570796,1.570796,1.570796,-2.773602,-1.202806,-3.528955,0.000000
297,0.867188,0.867188,0.867276,0.867276,38.748855,449.749113,10.000000,6.000000,1.570796,1.570796,1.570796,-2.773602,-1.202806,-3.563683,0.000000
298,0.869141,0.869141,0.869230,0.869230,37.655849,449.299787,10.000000,6.000000,1.570796,1.570796,1.570796,-2.773602,-1.202806,-3.589728,0.000000
299,0.871094,0.871094,0.871183,0.871183,36.562843,448.850461,10.000000,6.000000,1.570796,1.570796,1.570796,-2.773602,-1.202806,-3.615774,0.000000
300,0.873047,0.873047,0.873136,0.873136,35.469837,448.401135,10.000000,6.000000,1.570796,1.570796,1.570796,-2.773602,-1.202806,-3.641819,0.000000
301,0.875000,0.875000,0.875085,0.875085,35.121711,448.310920,10.000000,6.000000,1.570796,1.570796,1.570796,-2.547782,-0.976986,-3.667806,0.000000
302,0.876953,0.876953,0.877039,0.877039,34.157062,447.628272,10.000000,6.000000,1.570796,1.570796,1.570796,-2.547782,-0.976986,-3.693852,0.000000
303,0.878906,0.878906,0.878992,0.878992,33.192413,446.945624,10.000000,6.000000,1.570796,1.570796,1.570796,-2.547782,-0.976986,-3.719897,0.000000
304,0.880859,0.880859,0.880946,0.880946,32.227764,446.262976,10.000000,6.000000,1.570796,1.570796,1.570796,-2.547782,-0.976986,-3.745943,0.000000
305,0.882812,0.882812,0.882891,0.882891,31.880363,446.006147,10.000000,6.000000,1.570796,1.570796,1.570796,-2.349441,-0.778645,-3.771884,0.000000
306,0.884766,0.884766,0.884845,0.884845,31.069138,445.146805,10.000000,6.000000,1.570796,1.570796,1.570796,-2.349441,-0.778645,-3.797930,0.000000
307,0.886719,0.886719,0.886798,0.886798,30.257912,444.287463,10.000000,6.000000,1.570796,1.570796,1.570796,-2.349441,-0.778645,-3.823975,0.000000
308,0.888672,0.888672,0.888752,0.888752,29.446687,443.428121,10.000000,6.000000,1.570796,1.570796,1.570796,-2.349441,-0.778645,-3.850021,0.000000
309,0.890625,0.890625,0.890696,0.890696,29.399980,443.181441,10.000000,6.000000,1.570796,1.570796,1.570796,-2.103280,-0.532483,-3.875941,0.000000
310,0.892578,0.892578,0.892649,0.892649,28.822616,442.150322,10.000000,6.000000,1.570796,1.570796,1.570796,-2.103280,-0.532483,-3.901987,0.000000
311,0.894531,0.894531,0.894602,0.894602,28.245252,441.119203,10.000000,6.000000,1.570796,1.570796,1.570796,-2.103280,-0.532483,-3.928032,0.000000
312,0.896484,0.896484,0.896536,0.896536,28.268296,441.065521,10.000000,6.000000,1.570796,1.570796,1.570796,-1.815973,-0.245176,-3.953812,0.000000
313,0.898438,0.898438,0.898489,0.898489,28.006787,439.913059,10.000000,6.000000,1.570796,1.570796,1.570796,-1.815973,-0.245176,-3.979858,0.000000
314,0.900391,0.900391,0.900443,0.900443,27.722371,438.766328,10.000000,6.000000,1.570796,1.570796,1.570796,-1.815973,-0.245176,-3.982290,0.000000
315,0.902344,0.902344,0.902377,0.902377,27.593008,438.781347,10.000000,6.000000,1.570796,1.570796,1.570796,-1.517958,0.052838,-3.904938,0.000000
316,0.904297,0.904297,0.904330,0.904330,27.577377,437.597397,10.000000,6.000000,1.570796,1.570796,1.570796,-1.517958,0.052838,-3.826801,0.000000
317,0.906250,0.906250,0.906283,0.906283,27.561747,436.413447,10.000000,6.000000,1.570796,1.570796,1.570796,-1.517958,0.052838,-3.748664,0.000000
318,0.908203,0.908203,0.908237,0.908237,27.546117,435.229496,10.000000,6.000000,1.570796,1.570796,1.570796,-1.517958,0.052838,-3.670528,0.000000
319,0.910156,0.910156,0.910187,0.910187,27.649377,435.050329,10.000000,6.000000,1.570796,1.570796,1.570796,-1.248527,0.322270,-3.592504,0.000000
320,0.912109,0.912109,0.912141,0.912141,27.949460,433.904933,10.000000,6.000000,1.570796,1.570796,1.570796,-1.248527,0.322270,-3.514368,0.000000
321,0.914062,0.914062,0.914094,0.914094,28.249542,432.759536,10.000000,6.000000,1.570796,1.570796,1.570796,-1.248527,0.322270,-3.436231,0.000000
322,0.916016,0.916016,0.916043,0.916043,28.269592,432.295899,10.000000,6.000000,1.570796,1.570796,1.570796,-1.028810,0.541987,-3.358293,0.000000
323,0.917969,0.917969,0.917996,0.917996,28.812103,431.243442,10.000000,6.000000,1.570796,1.570796,1.570796,-1.028810,0.541987,-3.280156,0.000000
324,0.919922,0.919922,0.919950,0.919950,29.354614,430.190986,10.000000,6.000000,1.570796,1.570796,1.570796,-1.028810,0.541987,-3.202019,0.000000
325,0.921875,0.921875,0.921903,0.921903,29.897125,429.138529,10.000000,6.000000,1.570796,1.570796,1.570796,-1.028810,0.541987,-3.123883,0.000000
326,0.923828,0.923828,0.923856,0.923856,30.439636,428.086073,10.000000,6.000000,1.570796,1.570796,1.570796,-1.028810,0.541987,-3.045746,0.000000
327,0.925781,0.925781,0.925803,0.925803,30.782739,427.513951,10.000000,6.000000,1.570796,1.570796,1.570796,-0.858127,0.712669,-2.967883,0.000000
328,0.927734,0.927734,0.927756,0.927756,31.496132,426.568936,10.000000,6.000000,1.570796,1.570796,1.570796,-0.858127,0.712669,-2.889746,0.000000
329,0.929688,0.929688,0.929710,0.929710,32.209525,425.623920,10.000000,6.000000,1.570796,1.570796,1.570796,-0.858127,0.712669,-2.811610,0.000000
330,0.931641,0.931641,0.931663,0.931663,32.922917,424.678905,10.000000,6.000000,1.570796,1.570796,1.570796,-0.858127,0.712669,-2.733473,0.000000
331,0.933594,0.933594,0.933617,0.933617,33.636310,423.733890,10.000000,6.000000,1.570796,1.570796,1.570796,-0.858127,0.712669,-2.655336,0.000000
332,0.935547,0.935547,0.935567,0.935567,34.133639,423.051548,10.000000,6.000000,1.570796,1.570796,1.570796,-0.726598,0.844198,-2.577306,0.000000
333,0.937500,0.937500,0.937521,0.937521,34.964809,422.208257,10.000000,6.000000,1.570796,1.570796,1.570796,-0.726598,0.844198,-2.499169,0.000000
334,0.940104,0.940104,0.940125,0.940125,36.073035,421.083870,10.000000,6.000000,1.570796,1.570796,1.570796,-0.726598,0.844198,-2.394987,0.000000
335,0.942708,0.942708,0.942730,0.942730,37.181262,419.959482,10.000000,6.000000,1.570796,1.570796,1.570796,-0.726598,0.844198,-2.290805,0.000000
336,0.945312,0.945312,0.945334,0.945334,38.289488,418.835094,10.000000,6.000000,1.570796,1.570796,1.570796,-0.726598,0.844198,-2.186623,0.000000
337,0.947266,0.947266,0.947288,0.947288,39.120658,417.991803,10.000000,6.000000,1.570796,1.570796,1.570796,-0.726598,0.844198,-2.108486,0.000000
338,0.949219,0.949219,0.949239,0.949239,39.846971,417.350723,10.000000,6.000000,1.570796,1.570796,1.570796,-0.623986,0.946810,-2.030424,0.000000
339,0.951172,0.951172,0.951193,0.951193,40.760149,416.597006,10.000000,6.000000,1.570796,1.570796,1.570796,-0.623986,0.946810,-1.952287,0.000000
340,0.953125,0.953125,0.953146,0.953146,41.673327,415.843290,10.000000,6.000000,1.570796,1.570796,1.570796,-0.623986,0.946810,-1.874151,0.000000
341,0.956250,0.956250,0.956269,0.956269,43.121739,414.720470,10.000000,6.000000,1.570796,1.570796,1.570796,-0.591756,0.979040,-1.749232,0.000000
342,0.959375,0.959375,0.959392,0.959392,44.619732,413.563154,10.000000,6.000000,1.570796,1.570796,1.570796,-0.591756,0.979040,-1.624312,0.000000
343,0.962500,0.962500,0.962515,0.962515,46.117725,412.405838,10.000000,6.000000,1.570796,1.570796,1.570796,-0.591756,0.979040,-1.499393,0.000000
344,0.965625,0.965625,0.965638,0.965638,47.615718,411.248522,10.000000,6.000000,1.570796,1.570796,1.570796,-0.591756,0.979040,-1.374474,0.000000
345,0.968750,0.968750,0.968761,0.968761,49.061634,410.124369,10.000000,6.000000,1.570796,1.570796,1.570796,-0.542342,1.028454,-1.249555,0.000000
346,0.971875,0.971875,0.971885,0.971885,50.613931,409.135774,10.000000,6.000000,1.570796,1.570796,1.570796,-0.499750,1.071046,-1.124599,0.000000
347,0.975000,0.975000,0.975009,0.975009,52.212383,408.120688,10.000000,6.000000,1.570796,1.570796,1.570796,-0.499750,1.071046,-0.999644,0.000000
348,0.978125,0.978125,0.978133,0.978133,53.810835,407.105602,10.000000,6.000000,1.570796,1.570796,1.570796,-0.499750,1.071046,-0.874688,0.000000
349,0.981250,0.981250,0.981257,0.981257,55.409287,406.090516,10.000000,6.000000,1.570796,1.570796,1.570796,-0.499750,1.071046,-0.749733,0.000000
350,0.984375,0.984375,0.984381,0.984381,57.007739,405.075430,10.000000,6.000000,1.570796,1.570796,1.570796,-0.499750,1.071046,-0.624777,0.000000
351,0.987500,0.987500,0.987504,0.987504,58.606192,404.060344,10.000000,6.000000,1.570796,1.570796,1.570796,-0.499750,1.071046,-0.499822,0.000000
352,0.990625,0.990625,0.990628,0.990628,60.204644,403.045258,10.000000,6.000000,1.570796,1.570796,1.570796,-0.499750,1.071046,-0.374866,0.000000
353,0.993750,0.993750,0.993752,0.993752,61.803096,402.030172,10.000000,6.000000,1.570796,1.570796,1.570796,-0.499750,1.071046,-0.249911,0.000000
354,0.996875,0.996875,0.996876,0.996876,63.401548,401.015086,10.000000,6.000000,1.570796,1.570796,1.570796,-0.499750,1.071046,-0.124955,0.000000
355,1.000000,1.000000,1.000000,1.000000,65.000000,400.000000,10.000000,6.000000,1.570796,1.570796,1.570796,-0.476013,1.094783,0.000000,0.000000
